<?xml version="1.0" encoding="UTF-8"?>
<project-private xmlns="http://www.netbeans.org/ns/project-private/1">
    <editor-bookmarks xmlns="http://www.netbeans.org/ns/editor-bookmarks/2" lastBookmarkId="0"/>
    <open-files xmlns="http://www.netbeans.org/ns/projectui-open-files/2">
        <group>
            <file>file:/D:/Scuola/5C/Tecnologia/ModificaProfiloStudente/web/index.jsp</file>
            <file>file:/D:/Scuola/5C/Tecnologia/ModificaProfiloStudente/src/java/ModificaProfiloStudente/Modifica.java</file>
        </group>
    </open-files>
</project-private>
